{"cameraMode":{"drawMode":0,"name":"Shaded","section":"Shading Mode"},"sceneLighting":true,"audioPlay":false,"sceneViewState":{"showFog":true,"showMaterialUpdate":false,"showSkybox":true,"showFlares":true,"showImageEffects":true,"showParticleSystems":true},"in2DMode":false,"pivot":{"x":-3.0871925354003908,"y":-6.868210315704346,"z":5.642915725708008},"rotation":{"x":0.33596184849739077,"y":-0.03672035411000252,"z":0.013109788298606873,"w":0.9410682320594788},"size":15.51209545135498,"orthographic":true}