{"cameraMode":{"drawMode":0,"name":"Shaded","section":"Shading Mode"},"sceneLighting":true,"audioPlay":false,"sceneViewState":{"showFog":true,"showMaterialUpdate":false,"showSkybox":true,"showFlares":true,"showImageEffects":true,"showParticleSystems":true},"in2DMode":false,"pivot":{"x":-3.0871925354003908,"y":-6.868210315704346,"z":5.642915725708008},"rotation":{"x":0.2618938684463501,"y":-0.3194645643234253,"z":0.09234791249036789,"w":0.9059944152832031},"size":14.147418975830079,"orthographic":true}